click_frequency,rapid_fire_clicks,maximum_cursor_velocity,erratic_direction_changes,scroll_thrashing
0.30544602719018277,0,250.617852693651,1,0.0
0.12641873677800047,0,158.94943932144335,0,0.0
0.01237173799034286,0,263.84374717904194,0,0.0
0.44511297337864153,0,202.57817165920795,1,0.0
0.02502727852258377,0,319.9518595088496,2,0.0
0.4023929451234585,0,347.52793970138674,0,0.0
0.014103230129507902,0,274.5543097460638,1,0.0
0.009281232659893413,0,473.2293643661446,0,0.0
0.003881506389465414,0,202.7856415172005,1,0.0
0.1653627582397,0,352.6221812153056,0,0.0
0.08827896349426502,0,472.138371416983,0,0.0
0.00564368244695501,2,410.19726712748053,3,0.0
0.4433175814737019,0,146.17330411774194,0,93.86637534895591
4.398326737747709,4,1053.358459369063,3,0.0
3.4464687740953925,3,1063.5526272659063,5,0.0
0.029834866396564325,0,206.81444989901811,0,0.0
0.5454765351744502,0,282.7188895809329,0,0.0
0.3484534811660042,1,426.4354912832468,1,0.0
0.0520490203150615,1,413.9765810400211,0,0.0
0.33540953616289365,0,446.31101605232567,1,0.0
0.07414891517807069,0,280.13201971211663,0,0.0
0.17597592272577744,0,308.66658146089054,0,0.0
1.2094480624868182,0,347.3947499128733,0,0.0
0.09149518426099011,0,188.40347310649352,0,0.0
0.36039924664193534,1,583.5956060109336,0,0.0
0.24084413086676756,0,311.38298624452716,0,0.0
0.47106675510626883,0,318.5474881339522,0,0.0
4.148406927195731,4,1215.2369057006151,2,0.0
3.7152188864190165,6,2060.618628394694,2,82.64499482671204
3.6062955314822496,4,1735.596489268726,3,0.0
0.13429565373203128,0,531.2080376609547,0,0.0
0.3677974199944539,0,331.127829838176,1,0.0
0.5881355051354852,0,215.76515982916163,1,0.0
0.4393221718738656,0,195.9686842820511,0,0.0
0.26882774639159945,0,739.9645688115356,0,0.0
0.1730180208630152,0,353.6039770705565,1,0.0
0.734175910781426,0,386.86915852508906,0,0.0
1.0343203572955861,1,246.9138591648683,0,0.0
2.5217347520281472,5,1636.2244138824576,3,0.0
0.15828349425662222,0,324.30816319109823,1,88.59769206886777
0.10286563859293008,0,436.6616790051598,0,0.0
0.07066687435107959,0,549.5463128637572,0,0.0
1.1465637102038597,2,127.21427783829017,0,0.0
2.378698268333316,5,1985.9859796377102,2,0.0
0.25189929418724644,0,81.61989542563605,0,0.0
0.4750682103923183,0,770.6389939630775,0,0.0
3.2827751851946134,9,1063.0627745086608,5,163.09988661640338
0.28670454328230316,0,228.84696557501934,0,0.0
0.1638097917609297,0,678.5584747726422,0,0.0
0.20833548915504563,0,324.00669529485145,2,0.0
0.050116636347083486,0,261.6456166092613,1,0.0
0.03876489355385153,0,135.06911418528767,0,0.0
0.005619941684330046,1,1428.895157691917,1,0.0
0.14437135888583072,0,202.5882859191671,0,0.0
0.3705448603716635,0,581.6716081688795,0,0.0
0.013402284309532763,0,154.96810548394674,0,0.0
0.22861750055840074,1,334.2661095925023,0,0.0
0.3826935463099878,0,345.6942873918235,1,0.0
0.6738906080685197,0,389.4725479209676,0,0.0
0.041084786724617135,0,132.52930707723098,0,0.0
0.40234806911055,0,403.60646584080246,0,0.0
0.22630144180753842,0,182.7667831719842,0,0.0
0.22544002287569906,0,402.49096784098816,0,0.0
0.2737167209863298,0,747.5891705131667,1,0.0
0.2082892161846724,0,250.3044262681317,0,0.0
0.5603046440253397,0,350.164670427846,0,0.0
0.33392047798998437,1,292.2485496536984,0,0.0
0.12470856331276821,1,239.26598362028363,0,0.0
0.15963426062831357,0,452.5383274060534,0,0.0
0.3113199639520812,0,247.31218568867683,1,0.0
0.16613799982613273,0,315.43671874393294,0,0.0
0.03682296339875535,0,499.4828600368507,0,0.0
0.0348548184391855,0,191.1992350046835,1,0.0
0.8091740134847802,1,207.8219049377358,0,0.0
0.09489477433049467,0,227.38813154293445,0,0.0
2.0104204994718757,0,212.528152108644,0,0.0
0.01865376602800532,0,380.3802829352459,2,0.0
1.214841424298027,0,122.24537843330575,0,0.0
0.8067330049651037,0,210.8830901081605,0,0.0
0.15138772716853,0,210.11436783511195,0,0.0
0.5104193031003851,0,396.8623297726753,0,0.0
0.15182007153094693,0,652.9710201514185,0,0.0
0.03354638427909105,0,233.44081109648744,1,0.0
0.4728923873845438,0,190.60738727650408,0,0.0
0.432181112945389,0,199.1822952692657,1,82.05554129725721
0.024739910427964137,0,267.8242091864612,2,0.0
3.358687237765347,7,1566.8833478628267,1,0.0
0.34724892024529186,0,250.17785202905986,0,0.0
0.21984180316667898,0,708.3759779113705,0,0.0
0.2746446685268912,0,391.82629941708774,2,0.0
0.08285077489563039,1,392.4652864145512,0,0.0
0.058640150053180184,0,753.523433641926,2,0.0
0.45719491863563305,0,361.0351542675943,0,0.0
1.0262288290792345,0,272.8622915014631,0,0.0
0.06580266718842964,0,179.98180744265747,0,0.0
0.07923031030045583,0,396.6474539796335,1,0.0
0.1683026975695718,0,637.7546797887403,0,0.0
0.8704348508498907,0,225.0155225036258,0,0.0
0.21441120469788225,0,876.8790691521533,0,0.0
0.06008785524046826,0,304.17962119296334,1,0.0
0.05936447176623559,0,375.1165411987987,2,0.0
0.6088362588469355,0,304.7391915838791,0,0.0
3.199670186640143,3,852.9201144376525,3,0.0
0.053518513189753404,0,441.15753905616765,0,0.0
0.3909583006402204,0,319.47588621171064,0,0.0
0.4101673371679617,1,227.1371885090408,1,0.0
0.050460680721268796,0,239.2962046872855,0,0.0
2.079853427332935,4,635.9435766015727,1,0.0
0.08123127809261911,0,348.3860777751442,0,0.0
3.552289358945084,4,1146.471304640998,3,0.0
0.11806503944227698,0,453.110089706845,1,0.0
0.6088329352606631,0,548.3943270058503,0,0.0
4.428085124558751,3,1103.6651063360155,3,0.0
0.050589892006594556,0,216.0232612604251,1,0.0
0.16913765823948515,0,175.5942513570049,0,0.0
0.9062347351948041,0,389.5807401254889,0,0.0
0.6280227404849952,0,253.70224898903783,0,0.0
3.7379446719415776,6,612.2486443843778,3,0.0
0.024515631308821062,1,355.85635770096525,0,0.0
0.695631556489818,0,417.0845900664478,0,0.0
0.0692096826166198,0,434.739408350461,0,0.0
0.4886281721125009,0,418.50510246263076,0,0.0
0.0983769513129444,0,224.61273344887536,0,0.0
0.26658861806426126,0,653.2886061254028,0,0.0
0.03620695741837376,0,178.4857604711858,0,0.0
0.9518450118757552,0,333.91167051077434,0,0.0
0.013466482467032215,1,547.024343763322,0,0.0
0.053244259353066516,0,222.2172522292453,1,0.0
0.3032531247568393,0,417.5145816583479,0,0.0
0.7935968262021582,0,266.4866947854114,0,0.0
0.4085896802692505,0,188.573983221443,0,0.0
1.1875666142502967,0,481.43128364517355,2,0.0
0.3769637983133346,0,242.36668778379718,0,0.0
3.661267165909595,3,971.2329754288949,1,0.0
0.040070597792542524,0,221.89412630994218,0,0.0
0.014481557687260302,0,351.1985189579701,1,0.0
0.461662955356598,0,483.43917271834283,0,0.0
0.17196039126809945,0,209.5736382483154,0,0.0
0.2651898406452726,0,306.6454441881498,0,0.0
0.33228444603256574,0,420.44618176545777,2,0.0
0.45673066335375173,0,486.74470729238914,1,0.0
0.27758654502967206,0,535.1540728773585,0,0.0
0.0051865370561837276,0,507.5281998759891,0,68.20880470801512
0.8389483184428735,0,289.25412646983256,0,0.0
0.24131758820911492,0,373.8416633848761,0,0.0
2.0448920227453597,7,2036.490643300212,3,241.8407760296365
0.06424993428496037,0,575.723102053768,1,0.0
0.5087985394095825,0,570.5469366889661,0,0.0
0.42377735156232776,1,163.4904269737344,0,0.0
0.20465319888575867,0,361.6480483484406,1,0.0
0.22095975456376296,2,246.30895006172358,0,0.0
0.009534654544022199,1,353.20786178675576,0,0.0
3.3023918110968333,6,1744.082529839549,3,0.0
0.42037610666663655,0,146.80879888348545,0,0.0
3.7560749497198316,5,618.7117494688661,1,0.0
0.25390885633697247,0,311.78787381791227,0,0.0
0.5466973407140703,0,253.18504954635645,0,0.0
0.030906303323463356,0,297.9726041553018,0,0.0
0.323554599767764,0,220.7868407582401,1,0.0
0.014768467310998318,1,251.50736230202,1,0.0
0.3420353351353383,0,381.8969359606546,0,0.0
0.49097115915144945,0,166.49769489433874,0,134.45001035499251
1.4337632701310923,0,468.70019100937526,1,0.0
0.06769019525458554,0,330.4547497816842,0,114.1589738704711
0.4205406998856763,0,723.2853664070766,2,0.0
0.21698943264786252,0,186.0073116605199,0,0.0
0.13762858144572787,0,306.137658955599,0,0.0
0.08448510547702567,0,550.4185054828653,0,0.0
0.08157884172561901,0,282.0137457144734,0,0.0
0.3848646807470406,0,148.46909653632963,2,0.0
0.6068989081484366,0,517.625421972179,1,0.0
0.20589524424121344,1,257.7551073402949,1,0.0
0.00014272334553829856,0,930.4006675936238,0,0.0
3.36084530865171,8,1857.5757740212468,2,0.0
0.35732216309557685,0,214.15074988207448,0,0.0
0.04282242835422773,0,549.7795010716204,0,0.0
1.2444132126059697,0,383.43305314794185,0,0.0
0.00542800520934838,0,343.4923735888111,0,0.0
0.4512007058223588,0,140.73845351962282,0,0.0
0.15093466139704417,0,224.96560068772578,1,0.0
0.03964535469037408,0,636.8405726657746,0,0.0
0.4346194188487725,0,223.91446964064576,0,0.0
0.10895781039974266,1,572.0761362278536,3,0.0
0.2260970695510344,0,163.1652896580763,0,0.0
0.4376156462141635,1,300.9818133165222,0,0.0
0.13357262439211529,0,266.6070962969445,0,0.0
0.6473322352327407,0,420.5038451795142,0,0.0
0.6330864574741574,0,408.5596053549812,0,0.0
3.483871917191816,3,1770.5445615000217,1,0.0
0.9700561196616038,0,223.91305089425853,0,0.0
2.396977029443789,6,1299.3281712318587,3,0.0
0.2339408305913187,0,351.0121348647364,0,0.0
0.2353833297385355,0,987.7540534737394,0,0.0
0.19108676202777883,0,274.2115835752286,0,0.0
0.2644794921116972,0,735.8165830630601,0,0.0
0.02462779656804639,0,175.8963446072976,1,0.0
0.3578057779794819,0,488.00620665805553,0,0.0
0.013037217589085395,0,303.1700926760133,1,0.0
0.44754772795393793,0,492.7004824142147,0,76.90876899097626
0.34915979595556074,0,229.47525606207384,0,0.0
0.3708488113634643,0,356.17659944268263,1,0.0
0.023955226270091175,0,358.77943759567484,0,0.0
0.9767196265186764,1,471.77212643388333,3,0.0
0.5676741201342471,1,452.7496971298784,0,0.0
0.19359592570934916,0,176.8655235024236,0,0.0
0.4021694118424032,0,176.33739270259628,1,0.0
0.9063157169771875,0,278.03049724327883,1,0.0
3.0303972625922064,6,1950.5057756881154,1,0.0
0.9924489810697561,0,333.3554818624639,0,0.0
0.0780175185121546,0,625.3592544010414,0,0.0
0.0031369963403779346,0,273.6277304901948,0,0.0
0.28280117170931435,0,330.88881638944036,2,0.0
2.8641272525657078,6,1681.2498544980895,1,0.0
0.11097433311859434,0,301.37867906892814,0,0.0
0.05421575389033391,0,509.3643849263033,0,0.0
0.17235743947338314,0,456.2819106124622,0,0.0
0.29993972504794925,1,188.12277769419686,0,0.0
0.4441258678118083,0,300.31359809285016,0,0.0
3.76043712055019,7,2071.9002925238465,1,0.0
0.14984954197370703,0,792.3221545473422,2,0.0
0.0025721793575126032,0,340.27069571146984,0,0.0
0.14019893999843722,0,328.2378409372783,0,0.0
4.318361558591411,5,991.9414187474551,2,0.0
0.337234829106231,0,438.34777164648835,0,0.0
0.057840979673081765,0,363.9544575939926,0,0.0
0.012370648677685373,0,358.32744627398654,1,0.0
0.43574865567066956,0,376.7503897138145,0,0.0
0.2829497390199277,0,233.9851494619821,1,0.0
3.9551552133962016,5,1571.5884569557247,2,0.0
0.3937249097466242,0,173.51516176197893,0,0.0
0.04170481610798119,0,205.8767700226463,0,0.0
3.7984953397801693,3,1119.9930802608633,2,0.0
0.07826081951958193,0,326.9457308440387,0,0.0
0.1241251124791139,0,499.1838499794287,0,0.0
0.11644669873575321,2,323.87257400125685,0,0.0
0.5235522566047159,0,369.8820564762702,2,0.0
0.40742975627658296,0,587.5581903575669,0,0.0
3.4514106407796854,5,1734.9410469004638,1,0.0
0.4363733020597521,0,498.40314102184743,0,0.0
0.3335800378481861,0,564.3367627210863,1,0.0
0.024842141516290328,0,392.50167146574614,0,0.0
0.14254645817805559,0,110.83824364552467,1,0.0
0.3637346315073473,0,319.3181170562298,2,0.0
0.2830831791088586,0,437.25092141197234,0,0.0
0.5367504799339833,0,375.7779265497009,0,0.0
0.0745024705839792,0,276.46428604219443,0,0.0
1.3900883053451971,1,305.99331762449833,0,0.0
0.11997128937787857,0,346.8580345595052,0,0.0
0.3223891881330079,1,459.7759881322902,0,0.0
0.08527896235818899,1,665.9073184989849,1,0.0
0.012573942866825899,0,145.5376281052672,0,0.0
1.8875498174153726,4,1748.4226041751467,5,0.0
0.23890193870683474,1,252.8242544019046,1,0.0
1.8163441419765454,0,841.7807999504421,1,0.0
1.875107344220636,0,153.1456398678695,1,0.0
0.8847759200877324,0,271.6192230649887,0,0.0
0.09419387991317454,0,661.684230865433,0,0.0
3.8065913357445416,6,1113.1420325438962,2,0.0
2.3878517984762526,5,1261.6049021445247,2,0.0
0.18305390279884454,0,659.6945307767961,2,0.0
0.4108655656814745,0,238.30696254001847,0,0.0
0.4958363443522756,0,228.70758448187294,0,0.0
0.07247372896029435,1,779.2331544790204,3,0.0
0.2731387931660501,0,535.392892910262,0,0.0
0.003609690720432154,0,182.94112682260808,0,0.0
0.8030727271071458,0,338.10649424715393,0,0.0
0.7693475389297185,0,447.8779775947507,0,0.0
0.18182101891620514,0,397.8259633420578,1,0.0
0.31477533419760645,0,398.9354368298849,0,0.0
1.2031509325705496,0,543.3259719049244,0,0.0
0.06064874291061028,0,206.85091299628922,2,0.0
0.32376165559764963,0,131.0615912709967,0,0.0
4.0411341979584945,3,1187.0155403201088,5,0.0
0.07268092033216289,0,471.2149593292234,0,71.93215311928114
0.05548123149776198,0,392.70507934660833,0,0.0
0.2508385628455062,0,161.95162442490954,1,0.0
0.2687068772931456,0,354.3013988983954,0,0.0
0.7761476470085433,0,483.90206399100475,2,0.0
1.8868536036137764,0,312.4982872841146,0,0.0
0.09380716335062995,0,757.1098947558202,0,0.0
0.051040508843241676,0,517.8732173712606,0,140.65306476756328
0.9473829033858316,0,178.98824309039554,0,0.0
0.41307961468696724,0,273.1629468857098,1,0.0
0.09284328621506316,0,266.81080162550415,2,0.0
0.244895477914817,0,331.7639440170647,2,0.0
0.30715638809538104,0,259.4056219297091,0,0.0
0.2658263380506011,0,117.5302236185268,0,0.0
0.2542472309095705,0,411.07866677147774,1,0.0
0.02083904016972074,0,388.80658694098923,0,0.0
2.0324039824229385,5,1319.1732433005668,2,0.0
4.4350947181628575,9,1769.0976448486458,2,153.59529308429327
0.10702055910924296,1,216.9373633356839,0,0.0
0.46985551264008846,0,439.7511425797911,0,0.0
0.26791933122204376,0,242.77669596979214,0,0.0
0.07186861238833069,0,657.1746750175303,0,0.0
0.20727404731868268,1,678.1243287973562,0,86.23587127089985
4.214471872703836,9,1605.9768637965808,1,0.0
0.4409178559466843,0,802.4484431365504,0,0.0
0.28737302459098685,0,373.87042780799425,0,0.0
0.5180164130260709,0,114.55475577711707,1,0.0
0.23860846444200207,0,306.3440646807032,0,117.80288536101976
0.8625028250366819,0,425.2926014838045,0,0.0
0.3531447254053384,0,508.31783370032554,0,0.0
0.031190167225333597,0,313.81089544003464,2,0.0
0.09236806773158086,0,331.71203698934715,0,0.0
2.9103403526315885,5,1004.9914043931661,2,0.0
0.12075756547956704,0,379.77197805140787,0,0.0
0.11411040979471043,0,312.58525665931177,0,0.0
4.36915648024644,3,1827.5064272535733,5,0.0
0.08903179581787554,1,428.9336780940512,0,0.0
0.4992598563975622,1,187.74195215018602,0,0.0
0.26005885893766256,2,345.3430284416447,0,0.0
1.40401193195988,0,319.3440478382453,2,0.0
0.7261366666328709,0,205.10505614863683,1,0.0
0.21430436727974203,0,381.3600328731462,2,0.0
0.8415464537116523,0,359.76057062956795,1,0.0
1.4011966890141057,0,965.8340405849084,0,0.0
0.02260119100396552,0,247.9527189056396,0,0.0
0.744327611329069,0,523.3588812674511,0,0.0
0.13093689605633727,0,239.6843599557025,0,0.0
0.1316303448026478,0,606.1442567997752,0,0.0
0.17395668913854703,2,297.6627195363438,0,95.85710358829007
0.796551098972893,0,130.2027363210068,0,0.0
1.3789791235729378,0,285.71816158531027,0,0.0
0.47228025942105895,0,323.1287367783508,0,0.0
0.31970879428858545,0,329.39313373586657,0,0.0
0.046873609448945586,0,538.1148906176192,0,0.0
0.3865482073231642,0,282.06369898298465,0,0.0
0.013531541122457039,1,276.8270621312985,0,0.0
0.4660267533256786,0,446.311111833037,1,0.0
0.334087154378418,0,652.493629981513,2,0.0
0.0452673162220929,0,430.86275501183104,0,0.0
0.48180005279284044,0,318.13397355462274,1,0.0
0.2609021821478994,0,272.8415873190194,1,46.26752433435332
0.379432831320192,0,896.7654636642972,0,0.0
0.43165484643162083,0,264.8127719578482,0,0.0
0.5165642535617084,0,230.38780578861756,0,0.0
0.4109725337671073,0,571.9926103456507,0,0.0
0.2838130913384825,0,359.55554071043156,0,0.0
0.24187797109305487,0,315.47712256907465,3,0.0
0.4824481298171645,0,334.28076122393446,0,0.0
0.2664971488218514,0,579.2572895412795,0,0.0
0.49334833215642787,0,73.9038021732574,0,0.0
0.1982875236496314,0,341.21741993717063,0,0.0
0.0165351969654092,0,187.2220081404947,0,0.0
0.244825328641298,0,199.03810611805596,0,0.0
0.24122104287785603,0,210.36162043511007,1,0.0
1.9967507037701582,6,2165.481383166445,5,0.0
0.07046463626680959,0,163.59571499385777,0,0.0
4.123953873660438,3,952.4790616360826,2,0.0
0.10442979032556512,0,405.04232812867224,0,0.0
0.22671149673019447,0,311.9544207742493,0,0.0
0.5132391837266468,0,310.2146962946178,0,0.0
0.753465281313022,0,688.5187730343066,1,112.44072096246032
0.24669954105846517,0,542.6090688358099,0,0.0
0.5778302283194675,0,307.3274298482513,0,0.0
0.019197195535631064,0,144.6421913679491,0,0.0
0.19230215227482317,0,408.71024570961276,0,0.0
0.02116825308879953,0,209.31249853237173,2,0.0
0.20552222892134042,1,653.2850754583977,0,0.0
0.22149735775659232,0,773.8439091152411,0,0.0
0.5102876788392721,0,155.6520961604959,0,0.0
0.0406686862407974,0,241.91566559566542,0,0.0
0.23565652829229525,0,439.12537466940614,0,0.0
0.5594484641438244,0,183.24200501187647,2,0.0
0.26161728761831676,0,719.7376842326598,1,0.0
0.39658589333427147,0,404.1756323728205,0,0.0
0.1117948086267019,0,239.36458213304502,0,0.0
0.15123606867730924,0,270.847064040585,1,0.0
0.8900015283981082,0,580.3455771815763,0,0.0
0.24733848559606503,0,252.97991021569885,0,0.0
0.456671566478408,0,368.9644956293178,2,0.0
0.1510094755633079,0,161.67178940927738,1,0.0
0.5203912825397852,0,413.4418251425664,1,0.0
0.09914071848583482,0,320.7301297860303,1,0.0
0.05364919968924894,0,236.3723257937482,1,0.0
0.31307011793326295,0,195.39613448218827,0,0.0
0.0373308159575417,0,565.4502130994798,3,0.0
4.293373575986886,5,835.5394173809505,3,0.0
0.8725067044684842,0,113.89316891539949,2,0.0
0.07190034137443976,0,603.4016680230521,0,0.0
0.030319833020224222,0,516.4855320077597,0,0.0
0.23202525997445678,0,301.4059721226803,0,0.0
0.20015912157234067,0,187.6140804272995,0,0.0
0.6303456457725426,0,393.8276395305266,0,0.0
3.832327117632312,8,952.7426877148318,1,0.0
0.07354895533950666,0,514.7616337573753,2,0.0
0.18103391150598389,0,286.55200370522215,0,0.0
2.077980043867137,3,1158.2397589583284,5,0.0
0.2984716330758565,0,593.4199547068433,0,0.0
0.062828992582481,0,599.5113200420519,1,0.0
0.4904706476772447,0,380.10480120469936,0,0.0
0.21172486958547646,0,441.3761680335328,0,0.0
0.23997210121080437,0,342.8010066991806,0,0.0
0.03828503071638541,0,522.1155572656414,0,0.0
0.2437922857031914,0,343.4783196937888,1,0.0
0.4257395744109218,0,215.61480231704476,0,0.0
0.14707504587740178,0,873.7674625113318,1,0.0
0.07287667966674273,0,416.69474374357037,2,0.0
4.415477619016146,5,1454.0786724566976,2,0.0
0.04991085615763152,0,292.43180803509296,1,0.0
0.07555764882186031,0,272.59958046736574,0,0.0
0.16538086967932814,1,412.1910799571091,2,0.0
0.17952804797755081,0,355.1730143544304,0,0.0
0.2606815310934437,0,344.17985326801386,3,0.0
0.4631478992882618,0,304.43921436966014,0,0.0
2.9537362350403065,6,968.8826693991157,3,0.0
0.630964330397896,0,566.1736518345763,1,0.0
1.209925506745016,0,267.07090951215235,0,0.0
0.1218228035635793,0,404.2842923751878,0,0.0
0.22036031282037286,0,180.17629685780133,0,0.0
2.827221791189749,6,1077.2848769532798,3,0.0
0.08833988952530498,0,247.83782449447807,0,0.0
0.02459287337145473,1,627.3148619621848,0,0.0
0.10836309287531956,0,208.61447285290762,2,0.0
1.124407892977974,0,299.33856352109905,0,0.0
0.10757223842131597,0,169.01523627072078,0,0.0
0.9675684245328366,0,167.09819891475496,0,0.0
0.2934450345410798,0,415.0330796593826,0,0.0
0.3300360406193905,0,501.3689706064502,0,0.0
0.14320119707435183,0,295.85058980355785,0,0.0
0.1961402682486885,0,453.3766327393631,0,0.0
0.33541563214233666,1,426.8182762922279,1,0.0
0.033835214449416895,0,235.68465077683672,0,0.0
0.03816244088112056,0,140.41308032883816,0,0.0
0.41284652877699735,0,412.3359004627766,0,0.0
0.6190941997554283,1,587.7322550858951,0,0.0
1.4676913089377777,0,189.52119996288138,1,0.0
0.19942675215424346,0,249.62635408954452,0,0.0
0.6632032155229193,0,262.9771975753849,1,0.0
0.6007411727393438,0,341.4103004305372,0,0.0
0.10165150314857072,0,638.2725563778581,1,0.0
0.6591433625660708,0,398.8429453128835,0,0.0
0.011481987302965067,0,446.3593568383624,2,0.0
0.1335278182808731,1,320.2489810031904,0,0.0
0.33381999262746054,0,385.5924728004253,0,52.89978600346123
0.3267877383152038,0,307.98126546090185,0,0.0
0.37161588763378417,0,252.27441966375258,0,88.56183851064233
0.041098215619531864,0,332.3277962696883,1,0.0
0.012761767664877343,0,476.03932597411506,0,0.0
1.0745783916639167,0,440.27708827164076,0,0.0
0.09140448069478911,0,171.43212097139872,0,100.37569727732257
2.0837336728844233,4,1538.7674688203472,5,0.0
0.6310533658481254,0,370.8297395125149,0,0.0
0.5470687247851567,0,338.23449886959764,0,0.0
0.4052094437057273,1,408.4769960141474,3,0.0
0.7372055028046374,0,92.82184474978635,0,0.0
1.6371360586375063,0,247.10861832829295,0,0.0
0.5590689368399668,1,281.4124516687952,1,0.0
0.2641157151739333,0,522.307648254804,0,0.0
0.20118386219476278,0,601.1481016583282,1,0.0
0.2178520199248752,0,237.13393345831972,0,0.0
0.3635986691894952,0,270.95029993361766,0,0.0
0.06968330767384459,0,476.7126062129402,0,121.73544818434769
0.5643514863979542,0,431.354621314001,0,0.0
0.09246692852921506,0,936.7465072723601,0,0.0
0.8392515244673817,0,230.88003146988078,1,0.0
0.31110997263811735,0,434.93161318602165,1,0.0
0.019894312239300337,0,274.7639246819111,0,0.0
0.10180399263253682,0,442.09606531922526,0,38.27702310353289
0.5807571702457712,0,567.4538996971728,0,0.0
0.8538211491351899,0,409.38615045352924,0,0.0
0.3648244836474386,1,221.97119657644765,0,0.0
3.007859224807442,4,683.1871781367271,2,0.0
0.9702059461487544,0,458.4589632366122,0,0.0
0.8312124380909528,0,358.57623947115167,2,0.0
0.0023137231165547673,0,586.0148752750825,0,0.0
0.22218772221990493,0,157.4084587564959,0,0.0
1.4589934615968372,0,540.0823419455237,0,0.0
0.04406237027570247,0,671.6280259290902,2,0.0
0.1452678876314553,0,379.1559122211695,0,0.0
0.3330822802804952,0,648.0650419509753,0,0.0
2.8744884904541124,7,738.9361684643245,2,0.0
0.01800240483744752,0,385.49402906688215,1,0.0
0.31624020822661647,1,300.03432078670795,0,0.0
1.995641806182851,7,827.6324536513669,3,0.0
2.10827795200444,8,2078.669244222852,3,0.0
2.3503715390788558,8,1386.85526073548,2,0.0
0.844396975998804,2,212.8949602862492,1,111.00521647999413
0.1414588890769946,1,566.6575297976489,1,0.0
0.14512035404536205,0,176.9394028656604,0,0.0
0.42877416693546583,0,600.9629858999629,0,0.0
0.746637549137227,1,114.11860348804434,0,0.0
0.47220031892583336,0,543.7332615396589,2,0.0
1.1501251340242007,0,377.6067000305325,0,0.0
0.004913366846474205,0,364.17753082885025,3,0.0
0.14986637931897132,1,574.411970149835,0,0.0
0.04942503159240574,0,534.9683402285468,0,0.0
0.661488883533117,0,350.5959437076,0,0.0
0.07989652462722226,2,621.2109841683636,0,0.0
0.08729151636673396,0,364.643406492991,0,0.0
0.13678873286059398,1,123.91581587616277,0,0.0
0.059652318000751374,0,187.26647406035264,0,0.0
1.3259012265198709,0,344.60851483361785,0,0.0
0.2869448548276443,0,333.900190094388,0,0.0
0.553360986638412,0,257.2395926955075,0,0.0
0.33472766779841356,0,252.61881562583963,0,0.0
0.15381797935373356,0,260.45589485884454,0,0.0
0.26138665847916914,1,384.3841937365532,0,0.0
0.03216944603091377,0,430.5672361331437,1,0.0
0.0945934039849323,0,259.40305523166455,1,0.0
0.861430617714288,0,501.1210292784644,0,0.0
0.06772254300871268,0,190.23280681704065,0,0.0
4.053322335110759,3,2006.3904866370467,1,169.9457143976004
2.112618569630106,0,299.06038606871556,0,0.0
3.7214717019546093,6,1674.3945650215492,2,0.0
1.2484128543237638,0,143.42538898107344,1,0.0
0.6836332824492377,0,461.19334656660664,1,0.0
2.21751488746517,4,860.1215416765128,1,0.0
0.20220533658099965,0,294.6478544010013,0,0.0
0.030216507280127126,0,489.6306044513431,0,0.0
0.3373726452252127,0,401.92656848982523,0,0.0
0.6273544298693984,0,692.7430092237032,0,0.0
0.14186212526967049,0,378.2554541468255,1,0.0
0.7256723205075458,0,335.2764617029473,0,0.0
1.1456273821799052,0,294.26827226615825,1,0.0
0.08729239772751919,0,539.8630900621006,2,0.0
0.41981551936689443,2,293.114718963557,0,0.0
3.5328481883093943,8,1694.1965616489483,1,0.0
0.25390385893650935,0,604.770661149511,0,0.0
0.8096786324622014,0,231.92865565777882,0,0.0
0.08304722879696856,0,489.28296858922835,2,0.0
0.13121995393267874,1,479.0945426984463,0,0.0
0.28894332975260695,0,424.27875572973795,0,0.0
0.1996005354711155,0,151.65643375877065,0,0.0
0.19128526941540466,0,295.29022305897985,0,0.0
0.11233910836610993,1,184.08453611353102,0,0.0
0.1752467417590395,0,312.2629510526801,0,0.0
0.11996909507794605,0,290.248463524946,0,0.0
0.654286277640044,0,998.4276040444835,0,0.0
0.7225489226583122,0,233.8893989439065,0,0.0
0.2646175736442317,0,402.6340821498325,0,0.0
0.3862403444735531,0,408.18722843563626,0,42.24006280565566
0.5678341994234407,0,500.2823807783084,2,0.0
0.13655740340274125,2,543.6406818726682,2,0.0
0.03362075040228824,0,367.7687122645601,0,0.0
0.2375906015916095,0,246.36705347371046,0,0.0
0.08322491745150028,0,549.487925564188,0,138.00623662738172
0.12858900883741245,0,160.90256378397262,1,0.0
2.086044492529966,2,358.7545765808502,0,0.0
0.17406549227697832,0,514.130764446998,0,0.0
0.1621001485584831,0,277.7603728061281,0,0.0
0.036922790103419124,0,274.5226286961496,2,0.0
0.49087696998876595,0,401.66684547389235,0,0.0
0.3861466469223452,1,358.009131862461,0,0.0
4.335566229368765,8,1771.704978905283,5,0.0
0.3135834975244666,0,250.76830017576148,0,0.0
0.09082493317304965,0,941.6098392332083,1,0.0
0.3244593778061461,0,217.2526879180059,1,0.0
0.024362605869200804,0,167.97832106123235,1,0.0
0.3281735367267765,0,629.719611189619,0,0.0
0.12919452672372617,0,205.40788444768899,0,0.0
0.30205487685420407,0,424.92957216548507,0,0.0
0.4117166470837732,0,155.6495129378013,0,0.0
0.07531550900247266,0,163.66514419464917,0,0.0
4.388771343300366,3,805.6346948709603,1,169.98272007506654
0.3962484320309531,0,231.1700526247566,1,0.0
0.13570814055164093,0,220.35003262061593,0,0.0
0.36716502538830087,0,395.04954456751886,0,0.0
0.06285757832588489,0,206.041690438697,0,0.0
1.080382801737431,0,408.3087541421803,1,0.0
1.9717926512253316,8,1129.4396792326327,1,0.0
0.5147492870712098,0,289.6481917576106,0,0.0
0.15170188926349218,0,359.27536482509225,0,0.0
0.43423746281855885,0,317.4553072386588,0,0.0
0.015639930749387115,0,141.16523930135432,0,0.0
0.5629541585058747,0,453.7551940794523,0,0.0
0.4795991769477486,0,375.38784420819474,1,0.0
0.39066091897867444,0,583.2856452943215,0,0.0
4.367783835477067,5,1011.5080341699775,2,0.0
0.686924678488151,1,212.58299391734127,1,0.0
0.0498256582633235,0,406.70923553066876,1,0.0
0.14723119774866156,0,384.7860714893746,0,0.0
0.34184818700874764,0,429.76774777939033,0,0.0
0.417891497852513,1,310.99052900014,0,0.0
2.2275395102310975,3,1942.3038468634752,1,0.0
0.19465123030204434,1,651.4185387903683,0,0.0
0.1873298525723277,1,476.73130207266445,0,0.0
1.8367154093687292,0,248.86105722952036,0,0.0
0.9277199821715688,0,292.0894357007535,0,0.0
0.46113234944198717,0,296.27320992463456,0,0.0
0.5775416030246298,0,636.8924914579511,3,0.0
0.0734087245034429,0,276.11067855158205,0,0.0
0.1876121431551048,1,457.44655223404294,0,0.0
0.32421086144498645,0,433.3228354443283,0,0.0
0.43966820062366263,0,209.77109177285536,0,0.0
0.13421868018128572,0,957.4158395763033,1,0.0
0.40270205538074444,0,312.46632304501077,1,0.0
0.26703044473338683,0,175.02231654623387,0,0.0
0.012841103347388725,1,101.39462186083999,0,0.0
0.1396299530261129,0,310.0558315550537,1,0.0
0.5902531367643683,0,323.49317041643656,0,0.0
0.3690143855571656,0,221.56223682088142,1,0.0
0.31187607628359915,0,289.69402879756774,0,0.0
0.3651954855392166,1,304.1759978035346,1,0.0
0.23754664922590724,0,114.77568065966514,1,0.0
0.4448187849409738,0,388.8061891947097,2,0.0
0.10110366965993109,0,298.1907286505778,0,0.0
0.03658182702262665,0,300.83135485681845,2,0.0
0.32485481111699405,0,189.4157834858726,0,0.0
0.9039123310917138,0,542.7947905402744,0,0.0
0.022012642529175456,0,209.0576832296353,2,0.0
0.43250627874826475,0,284.1602234114091,1,0.0
0.4144613045054234,0,222.29658065427267,1,0.0
0.03335678683397433,0,403.3772878125246,0,0.0
1.8769395628726542,5,1717.2499098182514,3,0.0
0.23516043305073897,0,512.9763010455337,1,0.0
0.20471229802645347,0,228.19684599421078,1,0.0
0.5320429635059745,0,492.5785358019888,1,0.0
0.7032632800559775,0,325.1307331435236,0,0.0
0.05753440941165567,0,320.0030120145711,0,0.0
0.7968238769047197,1,453.74571566220357,1,24.247904908605765
0.11433479025027911,0,248.0709756673073,0,0.0
0.20185735460989643,0,546.0858593548556,0,0.0
0.27632416229188617,0,385.3973714245268,0,0.0
0.07014379436929351,0,511.1527180616729,0,0.0
4.077210669987778,9,1585.738093887082,3,0.0
0.10069143270330788,0,392.87082055997536,0,0.0
3.9285549204711128,3,616.4445788970075,2,0.0
0.0032377248031078424,0,158.76366892452785,1,0.0
2.1690671171375104,7,990.3484473961047,5,0.0
0.20598673279947916,0,273.17315640203384,0,0.0
0.2630071055142667,1,348.00660875734764,0,0.0
0.4241280446033195,0,366.0808672093609,1,0.0
1.1548446966399841,0,356.5296700425633,0,0.0
0.03630606793535424,0,301.7461135328956,1,0.0
0.043817828935570895,0,271.571734485941,1,0.0
2.284232183929047,6,1489.24787192775,1,0.0
2.726920972782745,4,663.7704896661477,2,0.0
0.16171294899546187,2,243.78798002609815,0,0.0
3.2643439750874883,6,2078.2253876916047,1,0.0
1.0521529302697554,0,695.4355133026019,0,0.0
0.019748196949674005,0,266.0486897953475,0,0.0
1.2300464898550347,0,139.22286410262566,1,107.20344685742684
0.18489886042123466,0,492.27469797845475,0,0.0
0.39435170828839344,0,316.91937618081147,0,0.0
0.005686741164362283,0,384.4824454322922,0,0.0
3.2244088617170537,9,751.605934144425,3,61.67625435733238
0.1354301423332033,0,285.2590034700195,0,0.0
2.276638259364529,5,1162.4969268797213,1,98.39643050813783
0.9184247204590315,0,271.4486759824923,0,0.0
0.28503363208999155,0,490.40995288232017,1,0.0
0.012090789929320205,0,452.3007830579276,0,0.0
2.6773636429334013,7,1184.9904532742403,1,0.0
0.01085672801819545,0,263.8581620264991,0,0.0
0.050334961675412015,1,183.93268857809585,0,0.0
3.9516169424216745,8,1803.0632315093328,2,0.0
0.5367529886234214,0,178.9354770501738,0,0.0
0.6261122664436162,0,106.31144610759371,0,0.0
0.31087815140263775,1,501.7156654057738,2,0.0
0.046499694865721745,0,295.3010006968024,0,0.0
0.0573895667119678,0,750.1809572031916,2,0.0
0.060841033129943156,0,300.95825162977235,0,0.0
0.20981811557472643,0,589.0152509528147,0,0.0
1.9172609420933289,7,732.5898434353876,3,0.0
0.09346439134152625,0,356.32555238536025,1,0.0
0.5363965483661516,0,367.9919870201987,1,0.0
3.2423308139440556,8,1161.180461862664,3,0.0
0.12309115477647238,0,443.1748937633452,0,0.0
2.2469083320799474,4,1578.7313036093037,5,203.8035724435665
0.08417422432414624,0,388.3781221474385,0,0.0
0.021361144807908596,1,267.6364300926241,0,0.0
3.326142557297197,9,821.4003249562074,3,0.0
0.15690618206207432,0,241.93748112734482,1,0.0
0.10447609645976737,0,337.3537562561962,0,0.0
1.293674965561262,0,263.8038496742394,1,0.0
0.02266697588971189,0,557.0285731388841,1,0.0
0.07587803331560092,0,275.207876633598,2,0.0
0.0260076483933413,0,343.1808963595302,0,0.0
0.176278244765498,1,199.8685057238709,1,29.683460877381187
0.15899616271372283,0,441.08744250925076,0,0.0
0.7232897787268188,0,134.7469014734376,1,0.0
0.2743795470134411,0,164.15926566357967,0,0.0
0.03397476290304969,0,676.0504942240116,0,0.0
0.18435596121949935,0,616.7869147559428,0,0.0
0.2732604984308444,0,347.9163344815641,2,0.0
0.07057061209797816,0,401.6339499677133,0,0.0
0.2286990549940525,0,271.6510954230543,1,0.0
3.551415367195898,9,1511.4309161198735,3,0.0
0.07139517308593621,0,276.64860429745085,0,0.0
0.18547511390080706,2,290.29440551670683,1,0.0
0.49751958872239854,1,558.3224413311046,0,0.0
0.025880902417838775,0,288.25878852580183,0,0.0
0.11702666014826718,0,321.0925317875875,0,0.0
0.1097133601020485,2,577.4280220292374,0,0.0
0.05876352056950654,0,465.7979554462518,1,0.0
0.19087824681725635,0,257.3055775354449,0,0.0
0.9030175699970957,0,225.13569021383262,0,0.0
0.14319754230476084,0,339.82403790420904,0,0.0
0.4569411644202809,0,176.52879148168878,0,0.0
0.24303802508695022,0,441.2812627318973,0,0.0
0.31577328705154856,1,223.8452597898429,0,0.0
0.40073285022959865,0,264.6875028320564,0,0.0
0.045342145888958775,0,249.63838550681666,0,0.0
0.3452516928803079,0,510.7105298243151,0,0.0
0.20295969752193888,0,238.93392344484533,0,0.0
0.30355409184870213,0,192.84213618041733,1,0.0
0.9989668812003158,0,493.6368811971367,2,0.0
0.5112514416910316,0,214.3935885272382,0,0.0
0.8560173249518338,1,223.93009737358022,0,0.0
0.10508799520727562,0,176.62441875690934,1,0.0
0.5271480172849169,0,521.0340275084905,0,0.0
1.0210173332399062,0,145.58752873282208,1,0.0
0.7891107362366705,0,435.79185941140366,1,0.0
0.021261792258064505,0,214.33035916717972,0,0.0
0.5388065506489941,0,197.64681230465234,0,0.0
0.15742960544099868,1,462.6618861568044,3,55.11423739830025
0.08788849853244822,1,717.2643887028333,0,0.0
0.5898405419919248,0,615.3932808259383,0,0.0
2.897642146374082,3,860.1197181609402,1,0.0
0.22848572510630968,0,395.72400581515546,0,0.0
0.6034999968690119,0,116.66865391413334,0,0.0
0.1712428730845911,0,319.2466154116405,0,0.0
0.13776716477217704,0,224.58562560716302,0,0.0
0.2354846779593608,0,256.30140362045006,2,0.0
0.29550323653858374,0,214.50040321474586,0,0.0
1.0333113222618828,0,196.27058548140073,1,0.0
0.1272149055525069,0,386.78182209363075,0,0.0
0.013655156423635507,0,228.2494328115544,0,0.0
0.0515148134897797,0,560.9471549006413,0,0.0
2.0345279278545902,9,2116.839214850484,2,0.0
0.2735155875649412,0,411.5430700935258,0,0.0
0.7487722032515798,0,213.01197907987628,1,0.0
0.22957346468194703,1,366.844390260047,0,0.0
0.04143684050990702,1,676.7044487356944,0,0.0
0.7859751800479683,0,428.573864555235,0,0.0
1.009998077857063,0,334.66320959268705,1,0.0
0.15396924548357996,0,352.94334822278876,0,0.0
0.062639189563152,0,138.7107362214617,0,0.0
0.18890761391079805,0,286.5434957424871,1,0.0
0.515444224063531,0,392.1624848326659,0,0.0
0.503813832641898,0,282.64043542489424,0,0.0
4.433943903497291,8,1902.62743250095,3,0.0
0.02681310708583536,0,400.43311870349356,0,0.0
2.2743028355254995,5,1631.2362268853026,1,0.0
0.3537546730488875,0,182.53619682967664,0,0.0
0.42312663041527604,0,332.44790566584936,1,0.0
0.3586707756737725,0,399.35308829039855,0,0.0
0.04224446601714984,0,368.0502076618998,0,0.0
0.004907872042063705,0,424.248456738931,0,0.0
0.04871532893709494,1,226.66597212765834,0,114.62475823785944
0.14839609154575006,0,371.46524247466925,0,0.0
1.040837808373086,0,254.53880637984363,3,0.0
4.043826375535772,7,1350.1439932086964,2,0.0
0.14990196539454362,0,189.88586426901315,0,0.0
0.0001683644831435444,0,332.10503539547926,1,0.0
1.9757802300449563,6,1211.4337416587707,3,0.0
0.16013323775994126,0,400.0981631066985,0,0.0
0.10910849747447651,0,263.81542782328626,2,0.0
2.8556430762257685,6,1586.1705108903045,2,0.0
0.2982890818338253,0,464.70216987363057,1,0.0
0.6111794628633984,0,416.10994562140456,1,0.0
0.174065525900217,0,338.0449667290337,0,0.0
0.21551984935262267,0,139.77752300209735,0,0.0
2.4017218936362963,9,1861.4354220967239,3,0.0
0.4588324719140045,0,321.26892830675763,0,0.0
0.7409609873070782,0,639.8775594601194,0,0.0
0.16440744647600147,1,347.93471516043564,1,0.0
0.6550742321613099,0,304.04349770267606,0,0.0
0.38481956287864744,0,374.3722336339097,0,0.0
0.07875056765947802,0,302.19016910170075,0,0.0
0.02459315974100902,0,240.92314845201884,2,0.0
0.2628781073192497,0,199.14202755859358,1,0.0
0.2678751875215381,0,327.01751401299117,1,0.0
0.6215966881495475,0,386.47123518614103,0,0.0
0.4075705563515899,0,352.8003484370482,0,0.0
0.24315134485773732,0,617.4256762638523,0,0.0
1.838515496872076,7,924.2334817861793,3,0.0
0.3569476832477734,0,518.2611984131798,1,0.0
0.6208297482477133,0,244.09902228028372,0,0.0
0.05272944286930847,0,410.29423576768204,0,0.0
0.010818674882880576,1,562.1115624378984,0,0.0
0.006369872421365853,0,245.39590820651685,0,0.0
0.11965905033511856,0,348.8470127154524,0,0.0
0.40856099526661416,0,319.07308809595594,0,0.0
0.1673080680139523,0,412.2430154019299,3,0.0
0.1646224020775726,0,339.77254256895714,2,0.0
0.014997309051777428,0,300.0288604409167,0,0.0
0.49042937954365773,0,239.87775894880818,0,0.0
0.001806799562533094,0,195.362008816525,0,0.0
0.45137176712550914,1,664.3792941709319,0,0.0
0.08187767663435187,0,308.11536784045666,0,0.0
0.8635129025659138,0,256.25553035725926,1,0.0
0.015457703325529292,0,275.7962166249418,2,0.0
0.17311187026249536,0,560.3305257087372,1,0.0
0.2846799173676596,0,366.6879704195455,0,0.0
2.6336128823805,3,634.8688918178093,2,141.1084003590151
0.5369643176887681,1,273.0830716693362,0,0.0
0.7594308708104366,0,208.10809991596665,0,0.0
0.1532529240332429,0,281.6252126613719,0,0.0
0.1852202744619018,0,501.3911086868879,0,0.0
0.21905756032162185,2,399.3296925060016,1,62.837356268427634
2.7188558130427958,4,1185.2747658765252,1,0.0
4.038416918938474,3,1516.6511606446345,5,0.0
3.1134488848201873,5,1394.3124559020862,1,0.0
0.6524254239844836,0,199.31156958867672,0,0.0
0.0646034203880045,0,293.5407457762002,2,0.0
0.45283730045088316,0,302.67832755142604,0,0.0
0.4142693203740817,0,453.0928651929054,2,0.0
0.6524712041688248,0,402.06770822464125,0,0.0
0.7756644397171786,0,390.29657426348496,0,0.0
3.5542332013358164,5,1170.35331222161,3,0.0
0.10549137070384118,0,86.90417870958231,2,0.0
1.333182486912896,2,363.9821843697457,2,0.0
0.05235318156166797,0,446.41272307305525,2,0.0
1.3987832688546677,0,257.66663630797376,0,0.0
0.24155661742898615,0,148.8848522537522,1,0.0
0.012162104758330237,0,151.94529007927616,0,0.0
0.22271786250226247,0,482.6079725921452,0,0.0
0.40016864265325147,0,420.68745673691245,1,0.0
0.03433152052833738,1,269.1973792068623,0,0.0
0.14327598273367165,0,578.5400720644816,0,0.0
0.2585039746416876,0,379.49554975208866,0,0.0
0.35119223392051035,0,538.3229933317067,0,0.0
0.008630106079052622,0,194.1655861958871,0,0.0
1.2134833591818734,0,156.7474914318916,0,0.0
3.137902374256761,5,1099.0918637403715,3,0.0
0.10641970963708065,1,410.3063429649153,2,0.0
0.6217316260617105,0,293.1649966974295,0,0.0
0.3201980785930975,0,247.0238168981101,0,0.0
0.16404692506494598,0,154.16392395192938,1,0.0
0.9535182091648191,0,336.4193357622341,0,0.0
0.2855701218462651,0,226.92362793605182,2,0.0
0.5349347387235349,0,223.9956963892108,0,0.0
1.056053392516921,0,265.3685360537816,0,0.0
0.17185960699298833,0,192.2230901654683,0,0.0
0.015154613732073568,0,500.1359550516774,0,0.0
0.3607839836329325,0,563.2957041186808,0,0.0
0.22955323950440246,0,277.20948614769395,1,0.0
0.31982336747041074,0,339.020601963998,0,97.81293341730313
0.03012592711633937,0,649.315902508509,0,0.0
1.3196176022563348,0,363.0049335368139,0,0.0
0.01442981918604246,0,206.30975195756173,0,0.0
0.02457525912628663,0,165.21199042744638,0,0.0
0.3131997835213022,0,554.1071257005106,0,0.0
0.3271862570130744,0,213.95190032407626,3,0.0
0.3571940152472245,0,349.2945024170997,0,0.0
4.0820574015044935,3,1197.795900583952,2,0.0
0.9260412974432876,0,265.77466650518653,0,0.0
0.29477588439389907,0,567.2795045818755,0,0.0
0.19638510531668404,0,214.2118355942272,0,0.0
0.40624854780641834,0,821.5062202931389,0,0.0
0.474662425970691,0,314.8747323390623,1,0.0
0.043901449034657945,0,684.3934071302725,0,0.0
0.3111259270294335,0,267.07034812711476,0,0.0
0.05004759852520977,0,415.69808456967127,0,0.0
0.6896567285322328,0,499.9462394235215,0,0.0
0.039899764789684065,0,244.5133581058489,0,0.0
0.10786154851338207,0,340.93893722210726,1,0.0
0.1993637185543302,0,544.5000432147563,0,0.0
0.39434637905340353,1,269.5086555621723,0,0.0
0.18005126950258463,0,190.52121005849693,1,0.0
0.06777141399024166,0,323.80913851041623,1,0.0
0.6731756718285596,0,395.2001952992641,0,0.0
0.26979658571806703,0,513.191474231005,0,0.0
0.5703096680209571,0,221.87095150689984,0,0.0
0.3327703441945082,0,610.0523264716263,0,0.0
0.09316052907999117,2,532.9551788572942,0,0.0
0.39103691867352963,0,208.12228085938156,0,0.0
0.13281152354699347,0,270.130498175606,1,0.0
0.6007375512299331,0,366.35238427305467,0,0.0
0.23246243987228468,0,287.8349899257045,0,0.0
0.5962196868698292,0,329.3938469711228,0,0.0
0.37649488657154545,0,691.9723721547414,0,0.0
0.36363800970571514,0,164.60616783599494,0,0.0
0.07384627545831643,0,357.8760319340395,2,0.0
0.2534860935300227,0,618.0495523481314,2,0.0
0.464924415043963,0,340.29880789626066,0,0.0
0.01492200988876663,0,263.7295612473536,0,0.0
0.38025839656162386,0,202.67056421799856,1,0.0
0.1309070233203472,0,217.6103868155026,0,0.0
0.34838902842144726,0,332.1983021855631,1,0.0
3.230774899624375,8,1557.1454064162044,1,0.0
0.13766380487720942,0,408.69334253959767,2,0.0
0.11835728224094023,0,317.82163375514983,0,0.0
3.083496165299855,5,1722.8947479138856,3,0.0
0.08530458935765749,0,290.2584755571387,0,0.0
1.0424954488188125,0,221.38835856419828,0,0.0
0.3088958137389299,0,449.99109003831677,0,0.0
0.015624664207953094,0,160.13251021525437,0,0.0
0.19938478692397366,0,210.15644728047033,1,0.0
0.20024253097498382,0,213.19704417769185,0,0.0
0.3795034940419905,0,529.9746213475227,0,0.0
0.2110326904061481,0,917.8574819492673,0,0.0
1.022876280619784,0,354.44902635963206,2,0.0
0.22134588826719973,0,1280.6131315850696,0,0.0
0.2374372771301538,0,272.9624976171516,2,0.0
0.23189267542694625,0,424.3272926002506,0,0.0
0.1754032236395411,0,339.7473986962629,0,0.0
0.298878460197133,0,334.369031399356,1,0.0
0.37448874796045506,0,232.71514661419434,0,0.0
0.002234401251494964,1,236.28999928207585,1,0.0
0.07570418136883539,0,267.45997827632914,0,0.0
0.5312204447128356,0,463.2021454782985,0,0.0
0.6161208894909946,0,359.09360459867383,0,0.0
0.49463625278692674,0,371.4977590694439,0,0.0
0.23611887260659759,0,364.5506666878771,2,0.0
0.3789358138506773,0,435.88001695215524,0,0.0
0.2557723203566125,0,527.151279937195,0,0.0
4.232229699467527,5,1631.9994145888845,1,0.0
0.13145662310654144,0,203.96473620103237,0,0.0
0.18188002603074913,0,189.95840827746932,0,0.0
0.6440485737563381,0,498.84306612616035,0,0.0
0.11639643107090913,0,414.7358417310429,0,0.0
0.004813767802025145,0,339.08171292973645,0,0.0
0.2443134095581099,1,177.61941925303955,0,0.0
0.18591374019672244,0,201.74213667661252,0,0.0
0.08697902291088727,0,277.5469908610444,0,0.0
0.2460958563729269,0,351.3324551556539,0,0.0
0.19367438724287359,0,553.8554087351353,0,0.0
0.5983811431615408,0,435.61832116529564,0,0.0
0.42313103429276716,0,441.6289890334631,2,0.0
0.14910803466626188,0,539.5356969270651,0,0.0
0.0511517423398752,0,344.5051577382512,1,0.0
1.182785692178369,0,334.1949528033133,0,0.0
0.0022993074372118687,0,243.90390913377055,0,0.0
2.8067694007077497,6,1743.0539684077933,1,0.0
3.126761681901337,9,1170.7653902425545,1,257.36851382133966
0.22810185223866014,0,445.4924321266578,0,0.0
0.986699068820175,0,459.92250325825535,1,0.0
0.13680624430605387,0,154.3660846044762,0,0.0
1.4838529005675505,0,210.7022685667232,0,0.0
0.7332657047819354,0,306.4838324044879,1,0.0
0.4177896331331392,1,413.5590103599629,0,0.0
0.37031696761602084,0,521.7271703369718,0,0.0
0.04707730727630453,0,375.27901597529285,1,0.0
0.1304231023185947,1,193.50549103140938,0,0.0
0.012454319697520623,0,151.99623419913584,1,0.0
1.4638151852832835,0,512.4145340382083,0,0.0
0.052142134506747644,0,348.4990022387953,0,0.0
0.8933788231972631,0,880.8433880962847,1,0.0
0.5409887981444305,0,240.9284581404223,2,0.0
0.7488336069116167,0,184.6689104944727,0,0.0
0.13805732746853083,0,361.718861859355,0,0.0
0.020483844619351908,1,300.15163491506684,0,0.0
0.49537173257156475,0,448.1977170758553,0,0.0
0.04841867840340447,1,186.58423676640453,0,0.0
0.5574208232975462,0,444.7854323977764,0,0.0
0.5570019412777238,0,589.6367934686668,1,0.0
0.606310593610575,0,132.73215445481512,0,0.0
0.5705994618349643,1,468.3371254140841,1,0.0
2.547395481273819,4,1611.5440130531401,2,0.0
0.019001327249645258,0,196.01984374363994,2,0.0
1.0441773768409224,1,165.9224457783407,2,0.0
0.1962722251090976,0,256.85258813328875,0,0.0
3.610933603832654,6,2109.2697383390264,2,0.0
0.9652430045848014,0,192.0380075894776,2,0.0
0.12612959426143353,0,216.7250390736459,0,0.0
0.31953951830589733,0,420.6559802960243,0,0.0
0.22665282515160418,1,248.84883063681409,0,0.0
0.07823367925142961,1,422.2063406679694,0,0.0
0.020919226816685788,0,160.49753404572098,0,0.0
0.05794007997980542,0,213.02079676625854,0,0.0
0.12313096402212452,0,277.7608231601919,0,0.0
0.10276757576250584,1,536.8663851869445,1,0.0
0.03513573473739041,0,653.5747763123102,0,0.0
0.10264490356429715,0,317.3038579356345,0,0.0
0.15809512864086117,0,248.73062010146813,0,0.0
0.27426934726672114,0,101.4569440041489,0,85.40287169667384
0.09656075233155346,0,546.7420183752556,0,116.9694955589187
0.27318547100036356,0,401.4482066979132,0,0.0
0.033330022001343836,0,249.39799741648102,1,0.0
1.5359489200427932,0,744.3544204526648,0,0.0
0.1636440303446313,0,462.33399637520534,0,0.0
0.022652796533543,0,618.4575882786621,0,0.0
0.03079632773416905,2,167.5905147708078,0,0.0
0.313800702417304,0,632.8277697169624,0,0.0
0.05377885184939117,0,267.33886660058965,0,0.0
1.4776070140562672,0,237.37115289217192,0,0.0
0.0028161353416126657,0,533.2257857218045,0,108.50085200725512
1.8352339673518816,8,859.2823764863874,2,0.0
0.3230373969594347,0,268.3679180230934,0,0.0
0.29533213490552523,0,352.34360667998135,0,0.0
0.3325119844524633,0,255.46989788702075,0,0.0
0.08594771109907856,0,341.3179216735088,0,0.0
0.7187236243155836,0,173.10850995687596,0,0.0
0.47472648752996,0,622.9509139160803,1,0.0
0.9546576516550365,0,422.60235326515357,0,0.0
0.32740024432288484,0,474.1833493410133,0,0.0
0.04221064440425552,0,292.90574748552524,0,0.0
0.1142435916011471,2,302.073908512528,1,0.0
0.09816096390915062,0,146.57784345040204,0,0.0
0.0993699584012451,0,497.10635394077434,2,0.0
0.7921486090350048,0,360.8504444915119,0,0.0
0.058852237724929445,0,307.35952397318084,2,0.0
0.3636858344416786,0,584.8549620608139,1,0.0
0.9962547357532772,0,358.6141204302603,0,0.0
0.3833275678542498,0,336.8214417594832,0,0.0
0.019081864478075083,0,675.1966349081958,0,114.19930046535141
0.3918470188791819,1,194.6692054810587,0,0.0
0.45730841198040434,0,78.79892939990488,0,0.0
0.5635314056932063,0,158.07183879991868,0,0.0
2.3761856951030422,0,314.1944233539794,1,0.0
0.13026509164482167,0,453.9304674661903,0,0.0
0.5410659827019018,0,299.31870762756023,0,0.0
0.3978519930417256,0,494.587923259879,0,0.0
0.3014341598498187,0,307.7130329652852,0,79.92774368648625
0.10574210280314462,0,305.71891456002055,0,0.0
0.6762205688275362,0,538.4336436946564,0,0.0
0.14766358310938904,0,547.4336196875995,0,0.0
